"date","people_vaccinated_per_hundred","new_deaths_smoothed","icu_patients"
2020-12-27,0.03,818.29,5562
2020-12-28,0.05,818.29,5600
2020-12-29,0.11,818.29,5649
2020-12-30,0.19,818.29,5647
2020-12-31,0.25,818.29,5638
2021-01-01,0.28,818.29,5604
2021-01-02,0.34,818.29,5724
2021-01-03,0.36,820.57,5761
2021-01-04,0.42,820.57,5744
2021-01-05,0.48,820.57,5671
2021-01-06,0.56,820.57,5572
2021-01-07,0.62,820.57,5492
2021-01-08,0.7,820.57,5486
2021-01-09,0.77,820.57,5414
2021-01-10,0.81,822.71,5320
2021-01-11,0.9,822.71,5288
2021-01-12,0.99,822.71,5230
2021-01-13,1.13,822.71,5185
2021-01-14,1.23,822.71,5126
2021-01-15,1.34,822.71,5074
2021-01-16,1.41,822.71,5015
2021-01-17,1.44,728,4972
2021-01-18,1.52,728,5005
2021-01-19,1.62,728,4947
2021-01-20,1.72,728,4835
2021-01-21,1.8,728,4787
2021-01-22,1.88,728,4769
2021-01-23,1.93,728,4657
2021-01-24,1.96,586.71,4624
2021-01-25,2.02,586.71,4620
2021-01-26,2.08,586.71,4571
2021-01-27,2.14,586.71,4501
2021-01-28,2.2,586.71,4438
2021-01-29,2.26,586.71,4376
2021-01-30,2.3,586.71,4351
2021-01-31,2.33,443.14,4346
2021-02-01,2.4,443.14,4322
2021-02-02,2.48,443.14,4263
2021-02-03,2.56,443.14,4222
2021-02-04,2.63,443.14,4178
2021-02-05,2.72,443.14,4072
2021-02-06,2.77,443.14,3965
2021-02-07,2.81,324,3932
2021-02-08,2.87,324,3956
2021-02-09,2.94,324,3847
2021-02-10,3.04,324,3738
2021-02-11,3.13,324,3675
2021-02-12,3.22,324,3551
2021-02-13,3.3,324,3485
2021-02-14,3.34,240,3424
2021-02-15,3.43,240,3436
2021-02-16,3.52,240,3354
2021-02-17,3.64,240,3248
2021-02-18,3.75,240,3178
2021-02-19,3.87,240,3121
2021-02-20,3.96,240,3081
2021-02-21,4.03,211.14,3056
2021-02-22,4.15,211.14,3058
2021-02-23,4.28,211.14,3037
2021-02-24,4.42,211.14,2956
2021-02-25,4.58,211.14,2899
2021-02-26,4.76,211.14,2848
2021-02-27,4.89,211.14,2826
2021-02-28,4.98,175.29,2840
2021-03-01,5.16,175.29,2869
2021-03-02,5.36,175.29,2855
2021-03-03,5.58,175.29,2823
2021-03-04,5.8,175.29,2814
2021-03-05,6.05,175.29,2765
2021-03-06,6.23,175.29,2755
2021-03-07,6.37,149.86,2787
2021-03-08,6.59,149.86,2865
2021-03-09,6.83,149.86,2785
2021-03-10,7.1,149.86,2736
2021-03-11,7.37,149.86,2758
2021-03-12,7.68,149.86,2755
2021-03-13,7.91,149.86,2719
2021-03-14,8.07,157.71,2773
2021-03-15,8.3,157.71,2833
2021-03-16,8.43,157.71,2852
2021-03-17,8.58,157.71,2859
2021-03-18,8.72,157.71,2895
2021-03-19,8.91,157.71,2951
2021-03-20,9.12,157.71,2958
2021-03-21,9.27,182.43,3056
2021-03-22,9.5,182.43,3150
2021-03-23,9.76,182.43,3168
2021-03-24,10.06,182.43,3207
2021-03-25,10.36,182.43,3261
2021-03-26,10.7,182.43,3333
2021-03-27,10.97,182.43,3390
2021-03-28,11.14,218,3455
2021-03-29,11.4,218,3571
2021-03-30,11.68,218,3599
2021-03-31,11.96,218,3680
2021-04-01,12.25,218,3730
2021-04-02,12.44,218,3850
2021-04-03,12.64,218,3917
2021-04-04,12.81,227.14,4060
2021-04-05,13.03,227.14,4164
2021-04-06,13.38,227.14,4357
2021-04-07,14.14,227.14,4443
2021-04-08,14.89,227.14,4477
2021-04-09,15.53,227.14,4515
2021-04-10,15.9,227.14,4535
2021-04-11,16.15,226,4585
2021-04-12,16.55,226,4662
2021-04-13,17.19,226,4692
2021-04-14,18.06,226,4680
2021-04-15,18.79,226,4684
2021-04-16,19.4,226,4740
2021-04-17,19.76,226,4786
2021-04-18,20.04,232.43,4844
2021-04-19,20.44,232.43,4932
2021-04-20,21.07,232.43,4968
2021-04-21,21.88,232.43,4988
2021-04-22,22.57,232.43,5050
2021-04-23,23.13,232.43,5054
2021-04-24,23.5,232.43,5025
2021-04-25,23.78,231.71,5052
2021-04-26,24.21,231.71,5120
2021-04-27,25.13,231.71,5064
2021-04-28,26.36,231.71,5046
2021-04-29,27.33,231.71,5033
2021-04-30,28.09,231.71,5024
2021-05-01,28.39,231.71,5009
2021-05-02,28.62,186.71,5028
2021-05-03,29.03,186.71,5007
2021-05-04,29.91,186.71,4954
2021-05-05,31.07,186.71,4839
2021-05-06,32.01,186.71,4766
2021-05-07,32.76,186.71,4672
2021-05-08,33.07,186.71,4607
2021-05-09,33.29,144.29,4583
2021-05-10,33.78,144.29,4582
2021-05-11,34.82,144.29,4460
2021-05-12,36.14,144.29,4374
2021-05-13,36.45,144.29,4255
2021-05-14,37.07,144.29,4179
2021-05-15,37.35,144.29,4090
2021-05-16,37.54,96.57,4065
2021-05-17,37.96,96.57,4015
2021-05-18,38.63,96.57,3877
2021-05-19,39.38,96.57,3707
2021-05-20,39.96,96.57,3593
2021-05-21,40.46,96.57,3473
2021-05-22,40.69,96.57,3358
2021-05-23,40.83,64,3303
2021-05-24,41,64,3234
2021-05-25,41.38,64,3179
2021-05-26,42.09,64,3000
2021-05-27,42.69,64,2836
2021-05-28,43.21,64,2702
2021-05-29,43.43,64,2594
2021-05-30,43.56,37.29,2517
2021-05-31,43.86,37.29,2451
2021-06-01,44.46,37.29,2289
2021-06-02,45.25,37.29,2148
2021-06-03,45.6,37.29,2035
2021-06-04,46.03,37.29,1969
2021-06-05,46.19,37.29,1896
2021-06-06,46.27,20.14,1853
2021-06-07,46.56,20.14,1795
2021-06-08,47.09,20.14,1699
2021-06-09,47.78,20.14,1598
2021-06-10,48.4,20.14,1507
2021-06-11,48.95,20.14,1420
2021-06-12,49.15,20.14,1343
2021-06-13,49.23,9.57,1337
2021-06-14,49.55,9.57,1281
2021-06-15,50.08,9.57,1208
2021-06-16,50.76,9.57,1135
2021-06-17,51.34,9.57,1069
2021-06-18,51.83,9.57,1010
2021-06-19,52.01,9.57,965
2021-06-20,52.1,6.71,931
2021-06-21,52.38,6.71,889
2021-06-22,52.91,6.71,850
2021-06-23,53.58,6.71,811
2021-06-24,54.24,6.71,779
2021-06-25,54.74,6.71,735
2021-06-26,54.92,6.71,716
2021-06-27,55.03,4.29,706
2021-06-28,55.34,4.29,689
2021-06-29,55.87,4.29,664
2021-06-30,56.5,4.29,614
2021-07-01,57.06,4.29,590
2021-07-02,57.53,4.29,565
2021-07-03,57.73,4.29,549
2021-07-04,57.84,3.57,548
2021-07-05,58.09,3.57,526
2021-07-06,58.46,3.57,509
2021-07-07,58.89,3.57,484
2021-07-08,59.24,3.57,470
2021-07-09,59.51,3.57,453
2021-07-10,59.64,3.57,435
2021-07-11,59.72,3.57,432
2021-07-12,59.91,3.57,435
2021-07-13,60.16,3.57,406
2021-07-14,60.45,3.57,398
2021-07-15,60.69,3.57,396
2021-07-16,60.9,3.57,379
2021-07-17,61.01,3.57,372
2021-07-18,61.09,4.29,371
2021-07-19,61.21,4.29,368
2021-07-20,61.39,4.29,361
2021-07-21,61.61,4.29,357
2021-07-22,61.78,4.29,354
2021-07-23,61.93,4.29,356
2021-07-24,62,4.29,354
2021-07-25,62.05,5.71,371
2021-07-26,62.15,5.71,369
2021-07-27,62.29,5.71,370
2021-07-28,62.46,5.71,356
2021-07-29,62.61,5.71,347
2021-07-30,62.74,5.71,352
2021-07-31,62.81,5.71,361
2021-08-01,62.85,10.29,364
2021-08-02,62.94,10.29,378
2021-08-03,63.05,10.29,378
2021-08-04,63.19,10.29,392
2021-08-05,63.32,10.29,387
2021-08-06,63.43,10.29,393
2021-08-07,63.5,10.29,416
2021-08-08,63.53,12.71,434
2021-08-09,63.61,12.71,456
2021-08-10,63.72,12.71,443
2021-08-11,63.87,12.71,454
2021-08-12,64.02,12.71,472
2021-08-13,64.16,12.71,480
2021-08-14,64.24,12.71,489
2021-08-15,64.29,20.57,517
2021-08-16,64.39,20.57,547
2021-08-17,64.54,20.57,576
2021-08-18,64.72,20.57,600
2021-08-19,64.88,20.57,623
2021-08-20,65.03,20.57,652
2021-08-21,65.12,20.57,682
2021-08-22,65.16,32,714
2021-08-23,65.27,32,776
2021-08-24,65.43,32,805
2021-08-25,65.61,32,836
2021-08-26,65.78,32,869
2021-08-27,65.93,32,925
2021-08-28,66.01,32,974
2021-08-29,66.06,50.14,1011
2021-08-30,66.16,50.14,1069
2021-08-31,66.31,50.14,1096
2021-09-01,66.48,50.14,1136
2021-09-02,66.62,50.14,1170
2021-09-03,66.74,50.14,1217
2021-09-04,66.8,50.14,1261
2021-09-05,66.83,61.71,1287
2021-09-06,66.91,61.71,1322
2021-09-07,67.03,61.71,1349
2021-09-08,67.17,61.71,1387
2021-09-09,67.3,61.71,1396
2021-09-10,67.4,61.71,1412
2021-09-11,67.46,61.71,1437
2021-09-12,67.48,64.14,1453
2021-09-13,67.56,64.14,1500
2021-09-14,67.68,64.14,1540
2021-09-15,67.82,64.14,1527
2021-09-16,67.96,64.14,1550
2021-09-17,68.06,64.14,1544
2021-09-18,68.11,64.14,1523
2021-09-19,68.14,55,1535
2021-09-20,68.2,55,1541
2021-09-21,68.31,55,1504
2021-09-22,68.42,55,1500
2021-09-23,68.54,55,1458
2021-09-24,68.63,55,1434
2021-09-25,68.67,55,1436
2021-09-26,68.69,50.57,1435
2021-09-27,68.75,50.57,1434
2021-09-28,68.85,50.57,1414
2021-09-29,68.94,50.57,1364
2021-09-30,69.03,50.57,1357
2021-10-01,69.09,50.57,1363
2021-10-02,69.1,50.57,1332
2021-10-03,69.11,60.43,1334
2021-10-04,69.14,60.43,1349
2021-10-05,69.22,60.43,1361
2021-10-06,69.3,60.43,1359
2021-10-07,69.39,60.43,1374
2021-10-08,69.44,60.43,1352
2021-10-09,69.46,60.43,1342
2021-10-10,69.47,69.86,1345
2021-10-11,69.51,69.86,1354
2021-10-12,69.58,69.86,1383
2021-10-13,69.65,69.86,1401
2021-10-14,69.73,69.86,1395
2021-10-15,69.78,69.86,1402
2021-10-16,69.8,69.86,1407
2021-10-17,69.8,83,1421
2021-10-18,69.83,83,1458
2021-10-19,69.9,83,1476
2021-10-20,69.96,83,1482
2021-10-21,70.03,83,1540
2021-10-22,70.08,83,1542
2021-10-23,70.09,83,1606
2021-10-24,70.1,150.14,1630
2021-10-25,70.13,150.14,1682
2021-10-26,70.19,150.14,1704
2021-10-27,70.26,150.14,1765
2021-10-28,70.32,150.14,1810
2021-10-29,70.37,150.14,1870
2021-10-30,70.39,150.14,1937
2021-10-31,70.39,182,1985
2021-11-01,70.41,182,2060
2021-11-02,70.46,182,2137
2021-11-03,70.53,182,2226
2021-11-04,70.6,182,2333
2021-11-05,70.65,182,2420
2021-11-06,70.67,182,2449
2021-11-07,70.68,238.86,2543
2021-11-08,70.71,238.86,2622
2021-11-09,70.79,238.86,2687
2021-11-10,70.87,238.86,2739
2021-11-11,70.95,238.86,2830
2021-11-12,71.02,238.86,2864
2021-11-13,71.05,238.86,2941
2021-11-14,71.06,326.57,3034
2021-11-15,71.11,326.57,3194
2021-11-16,71.19,326.57,3285
2021-11-17,71.28,326.57,3378
2021-11-18,71.38,326.57,3431
2021-11-19,71.47,326.57,3513
2021-11-20,71.53,326.57,3566
2021-11-21,71.55,387.14,3678
2021-11-22,71.63,387.14,3855
2021-11-23,71.78,387.14,3994
2021-11-24,71.95,387.14,4078
2021-11-25,72.13,387.14,4205
2021-11-26,72.27,387.14,4328
2021-11-27,72.4,387.14,4383
2021-11-28,72.43,441.86,4478
2021-11-29,72.53,441.86,4605
2021-11-30,72.68,441.86,4642
2021-12-01,72.83,441.86,4690
2021-12-02,72.97,441.86,4797
2021-12-03,73.09,441.86,4796
2021-12-04,73.19,441.86,4805
2021-12-05,73.22,409.29,4826
2021-12-06,73.3,409.29,4904
2021-12-07,73.41,409.29,4943
2021-12-08,73.54,409.29,4894
2021-12-09,73.65,409.29,4939
2021-12-10,73.74,409.29,4945
2021-12-11,73.83,409.29,4905
2021-12-12,73.85,359,4907
2021-12-13,73.92,359,4925
2021-12-14,74.02,359,4895
2021-12-15,74.15,359,4826
2021-12-16,74.27,359,4765
2021-12-17,74.4,359,4685
2021-12-18,74.53,359,4660
2021-12-19,74.58,284.86,4640
2021-12-20,74.67,284.86,4620
2021-12-21,74.79,284.86,4562
2021-12-22,74.91,284.86,4470
2021-12-23,74.98,284.86,4384
2021-12-24,74.99,284.86,4282
2021-12-25,74.99,284.86,4273
2021-12-26,75,183.86,4234
2021-12-27,75.06,183.86,4206
2021-12-28,75.13,183.86,4128
2021-12-29,75.21,183.86,4004
2021-12-30,75.27,183.86,3913
2021-12-31,75.27,183.86,3832
2022-01-01,75.28,183.86,3825
2022-01-02,75.3,147,3806
2022-01-03,75.34,147,3802
2022-01-04,75.41,147,3670
2022-01-05,75.49,147,3561
2022-01-06,75.55,147,3439
2022-01-07,75.62,147,3380
2022-01-08,75.67,147,3314
2022-01-09,75.69,124.29,3273
2022-01-10,75.74,124.29,3249
2022-01-11,75.8,124.29,3153
2022-01-12,75.87,124.29,3048
2022-01-13,75.94,124.29,2956
2022-01-14,76.02,124.29,2868
2022-01-15,76.09,124.29,2797
2022-01-16,76.11,99,2742
2022-01-17,76.16,99,2744
2022-01-18,76.22,99,2667
2022-01-19,76.29,99,2570
2022-01-20,76.36,99,2447
2022-01-21,76.42,99,2418
2022-01-22,76.47,99,2398
2022-01-23,76.49,123.86,2424
2022-01-24,76.52,123.86,2432
2022-01-25,76.57,123.86,2396
2022-01-26,76.62,123.86,2364
2022-01-27,76.67,123.86,2273
2022-01-28,76.72,123.86,2259
2022-01-29,76.75,123.86,2222
2022-01-30,76.76,159.57,2268
2022-01-31,76.79,159.57,2304
2022-02-01,76.82,159.57,2259
2022-02-02,76.86,159.57,2311
2022-02-03,76.89,159.57,2262
2022-02-04,76.92,159.57,2306
2022-02-05,76.94,159.57,2306
2022-02-06,76.95,214.86,2343
2022-02-07,76.96,214.86,2375
2022-02-08,76.99,214.86,2392
2022-02-09,77.01,214.86,2397
2022-02-10,77.04,214.86,2396
2022-02-11,77.06,214.86,2403
2022-02-12,77.07,214.86,2404
2022-02-13,77.07,243.57,2432
2022-02-14,77.08,243.57,2475
2022-02-15,77.1,243.57,2498
2022-02-16,77.12,243.57,2469
2022-02-17,77.13,243.57,2475
2022-02-18,77.15,243.57,2437
2022-02-19,77.16,243.57,2417
2022-02-20,77.16,255.14,2394
2022-02-21,77.18,255.14,2416
2022-02-22,77.19,255.14,2397
2022-02-23,77.2,255.14,2398
2022-02-24,77.22,255.14,2284
2022-02-25,77.23,255.14,2289
2022-02-26,77.23,255.14,2253
2022-02-27,77.24,235,2241
2022-02-28,77.25,235,2280
2022-03-01,77.26,235,2288
2022-03-02,77.27,235,2201
2022-03-03,77.29,235,2152
2022-03-04,77.3,235,2110
2022-03-05,77.31,235,2103
2022-03-06,77.31,229.43,2104
2022-03-07,77.32,229.43,2167
2022-03-08,77.33,229.43,2158
2022-03-09,77.34,229.43,2118
2022-03-10,77.35,229.43,2115
2022-03-11,77.36,229.43,2116
2022-03-12,77.37,229.43,2111
2022-03-13,77.37,254,2192
2022-03-14,77.38,254,2259
2022-03-15,77.39,254,2294
2022-03-16,77.39,254,2303
2022-03-17,77.4,254,2287
2022-03-18,77.41,254,2284
2022-03-19,77.41,254,2240
2022-03-20,77.42,276.29,2268
2022-03-21,77.42,276.29,2348
2022-03-22,77.43,276.29,2381
2022-03-23,77.44,276.29,2332
2022-03-24,77.44,276.29,2326
2022-03-25,77.45,276.29,2305
2022-03-26,77.45,276.29,2335
2022-03-27,77.45,268.71,2336
2022-03-28,77.46,268.71,2356
2022-03-29,77.47,268.71,2377
2022-03-30,77.47,268.71,2332
2022-03-31,77.48,268.71,2304
2022-04-01,77.48,268.71,2271
2022-04-02,77.49,268.71,2215
2022-04-03,77.49,219.43,2212
2022-04-04,77.49,219.43,2234
2022-04-05,77.49,219.43,2164
2022-04-06,77.5,219.43,2107
2022-04-07,77.51,219.43,2054
2022-04-08,77.51,219.43,2028
2022-04-09,77.51,219.43,1985
2022-04-10,77.51,184.57,1989
2022-04-11,77.52,184.57,1982
2022-04-12,77.52,184.57,1916
2022-04-13,77.52,184.57,1849
2022-04-14,77.53,184.57,1821
2022-04-15,77.53,184.57,1793
2022-04-16,77.53,184.57,1742
2022-04-17,77.53,140.71,1766
2022-04-18,77.53,140.71,1764
2022-04-19,77.53,140.71,1803
2022-04-20,77.54,140.71,1734
2022-04-21,77.54,140.71,1646
2022-04-22,77.54,140.71,1613
2022-04-23,77.54,140.71,1614
2022-04-24,77.54,115.43,1571
2022-04-25,77.55,115.43,1576
2022-04-26,77.55,115.43,1519
2022-04-27,77.56,115.43,1445
2022-04-28,77.56,115.43,1406
2022-04-29,77.57,115.43,1380
2022-04-30,77.57,115.43,1354
2022-05-01,77.57,96.86,1337
2022-05-02,77.57,96.86,1323
2022-05-03,77.57,96.86,1278
2022-05-04,77.58,96.86,1202
2022-05-05,77.58,96.86,1176
2022-05-06,77.58,96.86,1116
2022-05-07,77.58,96.86,1084
2022-05-08,77.58,77.29,1096
2022-05-09,77.59,77.29,1095
2022-05-10,77.59,77.29,1064
2022-05-11,77.59,77.29,1033
2022-05-12,77.59,77.29,1002
2022-05-13,77.59,77.29,978
2022-05-14,77.6,77.29,945
2022-05-15,77.6,59.71,923
2022-05-16,77.6,59.71,944
2022-05-17,77.6,59.71,945
2022-05-18,77.6,59.71,905
2022-05-19,77.6,59.71,875
2022-05-20,77.61,59.71,821
2022-05-21,77.61,59.71,802
2022-05-22,77.61,47.14,818
2022-05-23,77.61,47.14,788
2022-05-24,77.61,47.14,742
2022-05-25,77.61,47.14,719
2022-05-26,77.61,47.14,703
2022-05-27,77.61,47.14,702
2022-05-28,77.61,47.14,669
2022-05-29,77.61,30.43,656
2022-05-30,77.62,30.43,669
2022-05-31,77.62,30.43,683
2022-06-01,77.62,30.43,671
2022-06-02,77.62,30.43,648
2022-06-03,77.62,30.43,637
2022-06-04,77.62,30.43,617
2022-06-05,77.62,31.86,613
2022-06-06,77.62,31.86,632
2022-06-07,77.63,31.86,623
2022-06-08,77.63,31.86,622
2022-06-09,77.63,31.86,620
2022-06-10,77.63,31.86,626
2022-06-11,77.63,31.86,607
2022-06-12,77.63,40.71,621
2022-06-13,77.63,40.71,650
2022-06-14,77.63,40.71,674
2022-06-15,77.64,40.71,672
2022-06-16,77.64,40.71,684
2022-06-17,77.64,40.71,694
2022-06-18,77.64,40.71,684
2022-06-19,77.64,57.43,718
2022-06-20,77.64,57.43,747
2022-06-21,77.64,57.43,795
2022-06-22,77.64,57.43,782
2022-06-23,77.65,57.43,810
2022-06-24,77.65,57.43,799
2022-06-25,77.65,57.43,788
2022-06-26,77.65,80.86,836
2022-06-27,77.65,80.86,932
2022-06-28,77.65,80.86,981
2022-06-29,77.65,80.86,935
2022-06-30,77.66,80.86,932
2022-07-01,77.66,80.86,978
2022-07-02,77.66,80.86,982
2022-07-03,77.66,87.14,998
2022-07-04,77.66,87.14,1064
2022-07-05,77.66,87.14,1065
2022-07-06,77.66,87.14,1046
2022-07-07,77.66,87.14,1048
2022-07-08,77.67,87.14,1072
2022-07-09,77.67,87.14,1054
2022-07-10,77.67,100.29,1101
2022-07-11,77.67,100.29,1174
2022-07-12,77.67,100.29,1215
2022-07-13,77.67,100.29,1239
2022-07-14,77.67,100.29,1241
2022-07-15,77.67,100.29,1221
2022-07-16,77.68,100.29,1228
2022-07-17,77.68,137.14,1270
2022-07-18,77.68,137.14,1322
2022-07-19,77.68,137.14,1328
2022-07-20,77.68,137.14,1331
2022-07-21,77.68,137.14,1395
2022-07-22,77.68,137.14,1395
2022-07-23,77.68,137.14,1410
2022-07-24,77.68,161.29,1441
2022-07-25,77.68,161.29,1558
2022-07-26,77.69,161.29,1621
2022-07-27,77.69,161.29,1589
2022-07-28,77.69,161.29,1553
2022-07-29,77.69,161.29,1495
2022-07-30,77.69,161.29,1458
2022-07-31,77.69,148.29,1446
2022-08-01,77.69,148.29,1470
2022-08-02,77.69,148.29,1443
2022-08-03,77.69,148.29,1396
2022-08-04,77.69,148.29,1398
2022-08-05,77.7,148.29,1377
2022-08-06,77.7,148.29,1344
2022-08-07,77.7,113,1286
2022-08-08,77.7,113,1329
2022-08-09,77.7,113,1274
2022-08-10,77.7,113,1241
2022-08-11,77.7,113,1179
2022-08-12,77.7,113,1157
2022-08-13,77.7,113,1142
2022-08-14,77.7,89,1154
2022-08-15,77.7,89,1155
2022-08-16,77.7,89,1130
2022-08-17,77.7,89,1074
2022-08-18,77.71,89,1105
2022-08-19,77.71,89,1041
2022-08-20,77.71,89,988
2022-08-21,77.71,84.71,992
2022-08-22,77.71,84.71,987
2022-08-23,77.71,84.71,958
2022-08-24,77.71,84.71,897
2022-08-25,77.71,84.71,893
2022-08-26,77.72,84.71,877
2022-08-27,77.72,84.71,857
2022-08-28,77.72,56.71,847
2022-08-29,77.72,56.71,851
2022-08-30,77.72,56.71,828
2022-08-31,77.72,56.71,797
2022-09-01,77.72,56.71,767
2022-09-02,77.72,56.71,767
2022-09-03,77.72,56.71,753
2022-09-04,77.72,50.14,749
2022-09-05,77.72,50.14,766
2022-09-06,77.72,50.14,741
2022-09-07,77.72,50.14,722
2022-09-08,77.73,50.14,723
2022-09-09,77.73,50.14,715
2022-09-10,77.73,50.14,678
2022-09-11,77.73,45.29,674
2022-09-12,77.73,45.29,692
2022-09-13,77.73,45.29,726
2022-09-14,77.73,45.29,741
2022-09-15,77.73,45.29,718
2022-09-16,77.73,45.29,689
2022-09-17,77.73,45.29,660
2022-09-18,77.73,50.57,646
2022-09-19,77.73,50.57,670
2022-09-20,77.73,50.57,690
2022-09-21,77.73,50.57,706
2022-09-22,77.74,50.57,713
2022-09-23,77.74,50.57,730
2022-09-24,77.74,50.57,716
2022-09-25,77.74,74.29,730
2022-09-26,77.74,74.29,789
2022-09-27,77.74,74.29,850
2022-09-28,77.74,74.29,861
2022-09-29,77.74,74.29,889
2022-09-30,77.74,74.29,918
2022-10-01,77.74,74.29,948
2022-10-02,77.74,125.71,996
2022-10-03,77.74,125.71,1049
2022-10-04,77.74,125.71,1214
2022-10-05,77.75,125.71,1311
2022-10-06,77.75,125.71,1364
2022-10-07,77.75,125.71,1385
2022-10-08,77.75,125.71,1425
2022-10-09,77.75,183.43,1477
2022-10-10,77.75,183.43,1606
2022-10-11,77.75,183.43,1661
2022-10-12,77.75,183.43,1669
2022-10-13,77.75,183.43,1712
2022-10-14,77.76,183.43,1685
2022-10-15,77.76,183.43,1656
2022-10-16,77.76,222.86,1705
2022-10-17,77.76,222.86,1786
2022-10-18,77.76,222.86,1842
2022-10-19,77.76,222.86,1821
2022-10-20,77.76,222.86,1812
2022-10-21,77.76,222.86,1762
2022-10-22,77.76,222.86,1752
2022-10-23,77.76,211,1741
2022-10-24,77.76,211,1774
2022-10-25,77.77,211,1773
2022-10-26,77.77,211,1727
2022-10-27,77.77,211,1685
2022-10-28,77.77,211,1643
2022-10-29,77.77,211,1592
2022-10-30,77.77,149.86,1585
2022-10-31,77.77,149.86,1584
2022-11-01,77.77,149.86,1583
2022-11-02,77.77,149.86,1557
2022-11-03,77.77,149.86,1485
2022-11-04,77.77,149.86,1418
2022-11-05,77.78,149.86,1349
2022-11-06,77.78,99.71,1343
2022-11-07,77.78,99.71,1311
2022-11-08,77.78,99.71,1287
2022-11-09,77.78,99.71,1222
2022-11-10,77.78,99.71,1189
2022-11-11,77.78,99.71,1140
2022-11-12,77.78,99.71,1124
2022-11-13,77.78,91.43,1079
2022-11-14,77.78,91.43,1096
2022-11-15,77.78,91.43,1043
2022-11-16,77.78,91.43,1017
2022-11-17,77.78,91.43,954
2022-11-18,77.79,91.43,937
2022-11-19,77.79,91.43,902
2022-11-20,77.79,79,903
2022-11-21,77.79,79,919
2022-11-22,77.79,79,941
2022-11-23,77.79,79,925
2022-11-24,77.79,79,897
2022-11-25,77.79,79,887
2022-11-26,77.79,79,883
2022-11-27,77.79,91.43,897
2022-11-28,77.79,91.43,928
2022-11-29,77.79,91.43,895
2022-11-30,77.79,91.43,900
2022-12-01,77.79,91.43,882
2022-12-02,77.79,91.43,903
2022-12-03,77.79,91.43,926
2022-12-04,77.79,114.29,951
2022-12-05,77.79,114.29,970
2022-12-06,77.79,114.29,1013
2022-12-07,77.8,114.29,991
2022-12-08,77.8,114.29,969
2022-12-09,77.8,114.29,1002
2022-12-10,77.8,114.29,980
2022-12-11,77.8,137.29,987
2022-12-12,77.8,137.29,1068
2022-12-13,77.8,137.29,1105
2022-12-14,77.8,137.29,1073
2022-12-15,77.8,137.29,1078
2022-12-16,77.8,137.29,1123
2022-12-17,77.8,137.29,1104
2022-12-18,77.8,162.71,1136
2022-12-19,77.8,162.71,1175
2022-12-20,77.8,162.71,1196
2022-12-21,77.8,162.71,1231
2022-12-22,77.8,162.71,1243
2022-12-23,77.8,162.71,1270
2022-12-24,77.8,162.71,1245
2022-12-25,77.8,184,1268
2022-12-26,77.8,184,1312
2022-12-27,77.8,184,1384
2022-12-28,77.8,184,1387
2022-12-29,77.8,184,1386
2022-12-30,77.8,184,1398
2022-12-31,77.8,184,1366
2023-01-01,77.8,138.57,1376
2023-01-02,77.8,138.57,1394
2023-01-03,77.8,138.57,1389
2023-01-04,77.8,138.57,1349
2023-01-05,77.8,138.57,1310
2023-01-06,77.8,138.57,1296
2023-01-07,77.8,138.57,1276
2023-01-08,77.8,118.43,1281
2023-01-09,77.8,118.43,1284
2023-01-10,77.8,118.43,1214
2023-01-11,77.8,118.43,1151
2023-01-12,77.81,118.43,1104
2023-01-13,77.81,118.43,1059
2023-01-14,77.81,118.43,997
2023-01-15,77.81,73.86,994
2023-01-16,77.81,73.86,955
2023-01-17,77.81,73.86,897
2023-01-18,77.81,73.86,850
2023-01-19,77.81,73.86,825
2023-01-20,77.81,73.86,775
2023-01-21,77.81,73.86,720
2023-01-22,77.81,48.29,699
2023-01-23,77.81,48.29,672
2023-01-24,77.81,48.29,669
2023-01-25,77.81,48.29,672
2023-01-26,77.81,48.29,635
2023-01-27,77.81,48.29,613
2023-01-28,77.81,48.29,591
2023-01-29,77.81,47.29,597
2023-01-30,77.81,47.29,626
2023-01-31,77.81,47.29,597
2023-02-01,77.81,47.29,600
2023-02-02,77.81,47.29,615
2023-02-03,77.81,47.29,616
2023-02-04,77.81,47.29,603
2023-02-05,77.81,49.14,616
2023-02-06,77.81,49.14,640
2023-02-07,77.81,49.14,668
2023-02-08,77.81,49.14,687
2023-02-09,77.81,49.14,667
2023-02-10,77.81,49.14,669
2023-02-11,77.81,49.14,695
2023-02-12,77.81,65,713
2023-02-13,77.81,65,742
2023-02-14,77.81,65,762
2023-02-15,77.81,65,778
2023-02-16,77.81,65,837
2023-02-17,77.81,65,874
2023-02-18,77.81,65,848
2023-02-19,77.81,85.86,838
2023-02-20,77.81,85.86,929
2023-02-21,77.81,85.86,971
2023-02-22,77.81,85.86,1002
2023-02-23,77.81,85.86,1010
2023-02-24,77.81,85.86,1017
2023-02-25,77.81,85.86,1041
2023-02-26,77.81,85.57,1041
2023-02-27,77.81,85.57,1052
2023-02-28,77.81,85.57,1051
2023-03-01,77.81,85.57,1034
2023-03-02,77.81,85.57,999
2023-03-03,77.81,85.57,1002
2023-03-04,77.81,85.57,995
2023-03-05,77.81,76.43,1029
2023-03-06,77.81,76.43,1046
2023-03-07,77.81,76.43,1085
2023-03-08,77.81,76.43,1111
2023-03-09,77.81,76.43,1116
2023-03-10,77.81,76.43,1116
2023-03-11,77.81,76.43,1097
2023-03-12,77.81,81.71,1123
2023-03-13,77.81,81.71,1170
2023-03-14,77.81,81.71,1190
2023-03-15,77.81,81.71,1196
2023-03-16,77.82,81.71,1219
2023-03-17,77.82,81.71,1224
2023-03-18,77.82,81.71,1211
2023-03-19,77.82,89.43,1210
2023-03-20,77.82,89.43,1221
2023-03-21,77.82,89.43,1281
2023-03-22,77.82,89.43,1239
2023-03-23,77.82,89.43,1224
2023-03-24,77.82,89.43,1190
2023-03-25,77.82,89.43,1176
2023-03-26,77.82,77.86,1147
2023-03-27,77.82,77.86,1173
2023-03-28,77.82,77.86,1122
2023-03-29,77.82,77.86,1079
2023-03-30,77.82,77.86,1062
2023-03-31,77.82,77.86,1064
2023-04-01,77.82,77.86,1051
2023-04-02,77.82,61.57,1035
2023-04-03,77.82,61.57,987
2023-04-04,77.82,61.57,967
2023-04-05,77.82,61.57,930
2023-04-06,77.82,61.57,884
2023-04-07,77.82,61.57,843
